machine,os,utc-timestamp,app,peep_ms,peep_cycles,peep_size,nopeep_ms,nopeep_cycles,nopeep_size,clock_hz
Davids-MacBook-Air,macOS,2026-06-28T02:29:10Z,a1,33,13050947,20096,,,,400000000
Davids-MacBook-Air,macOS,2026-06-28T02:29:10Z,adaint,1801,720174773,27392,,,,400000000
Davids-MacBook-Air,macOS,2026-06-28T02:29:10Z,bint,1130,452094519,18688,,,,400000000
Davids-MacBook-Air,macOS,2026-06-28T02:29:10Z,catalan,1691,676258865,6784,,,,400000000
Davids-MacBook-Air,macOS,2026-06-28T02:29:10Z,cint,1881,752292155,30848,,,,400000000
Davids-MacBook-Air,macOS,2026-06-28T02:29:10Z,cobint,10468,4187164511,20480,,,,400000000
Davids-MacBook-Air,macOS,2026-06-28T02:29:10Z,cpmenumd,3,330472,5760,,,,400000000
Davids-MacBook-Air,macOS,2026-06-28T02:29:10Z,e,60,23897027,2432,,,,400000000
Davids-MacBook-Air,macOS,2026-06-28T02:29:10Z,fact,1,78346,2688,,,,400000000
Davids-MacBook-Air,macOS,2026-06-28T02:29:10Z,fileops,18,6999455,8320,,,,400000000
Davids-MacBook-Air,macOS,2026-06-28T02:29:10Z,fint,910,363930564,28544,,,,400000000
Davids-MacBook-Air,macOS,2026-06-28T02:29:10Z,forint,2489,995141918,28544,,,,400000000
Davids-MacBook-Air,macOS,2026-06-28T02:29:10Z,ln2,133,53423080,4864,,,,400000000
Davids-MacBook-Air,macOS,2026-06-28T02:29:10Z,mm,306,122322658,6784,,,,400000000
Davids-MacBook-Air,macOS,2026-06-28T02:29:10Z,nqueens,76,30745761,3456,,,,400000000
Davids-MacBook-Air,macOS,2026-06-28T02:29:10Z,pihex,4315,1726174793,13440,,,,400000000
Davids-MacBook-Air,macOS,2026-06-28T02:29:10Z,pint,590,235887464,27648,,,,400000000
Davids-MacBook-Air,macOS,2026-06-28T02:29:10Z,primes,14,5526821,4352,,,,400000000
Davids-MacBook-Air,macOS,2026-06-28T02:29:10Z,sieve,46,18266677,1920,,,,400000000
Davids-MacBook-Air,macOS,2026-06-28T02:29:10Z,t,4,1551086,19328,,,,400000000
Davids-MacBook-Air,macOS,2026-06-28T02:29:10Z,t2darr,1,50110,3840,,,,400000000
Davids-MacBook-Air,macOS,2026-06-28T02:29:10Z,tabort,2,44212,5248,,,,400000000
Davids-MacBook-Air,macOS,2026-06-28T02:29:10Z,tallocx,265,106023832,10624,,,,400000000
Davids-MacBook-Air,macOS,2026-06-28T02:29:10Z,tap,332,132773363,7168,,,,400000000
Davids-MacBook-Air,macOS,2026-06-28T02:29:10Z,targs,1,107496,2176,,,,400000000
Davids-MacBook-Air,macOS,2026-06-28T02:29:10Z,tarray,8,3075208,7168,,,,400000000
Davids-MacBook-Air,macOS,2026-06-28T02:29:10Z,tarray6,2,868608,7296,,,,400000000
Davids-MacBook-Air,macOS,2026-06-28T02:29:10Z,tasm,0,9422,2048,,,,400000000
Davids-MacBook-Air,macOS,2026-06-28T02:29:10Z,tassert,1,25715,1920,,,,400000000
Davids-MacBook-Air,macOS,2026-06-28T02:29:10Z,tatexit,1,16907,2048,,,,400000000
Davids-MacBook-Air,macOS,2026-06-28T02:29:10Z,tatof,2,802725,5760,,,,400000000
Davids-MacBook-Air,macOS,2026-06-28T02:29:10Z,tbdos,1,115603,2432,,,,400000000
Davids-MacBook-Air,macOS,2026-06-28T02:29:10Z,tbitfld,1,227633,4096,,,,400000000
Davids-MacBook-Air,macOS,2026-06-28T02:29:10Z,tbits,5,2089385,5760,,,,400000000
Davids-MacBook-Air,macOS,2026-06-28T02:29:10Z,tbits32,1,26704,3840,,,,400000000
Davids-MacBook-Air,macOS,2026-06-28T02:29:10Z,tbsearch,2,792466,4352,,,,400000000
Davids-MacBook-Air,macOS,2026-06-28T02:29:10Z,tbufex,1,375896,2816,,,,400000000
Davids-MacBook-Air,macOS,2026-06-28T02:29:10Z,tbug,1,30215,2944,,,,400000000
Davids-MacBook-Air,macOS,2026-06-28T02:29:10Z,tbug2,1,16396,2176,,,,400000000
Davids-MacBook-Air,macOS,2026-06-28T02:29:10Z,tc89bit,1,37975,3200,,,,400000000
Davids-MacBook-Air,macOS,2026-06-28T02:29:10Z,tc89c2,1,74083,9088,,,,400000000
Davids-MacBook-Air,macOS,2026-06-28T02:29:10Z,tc89comp,1,71821,5632,,,,400000000
Davids-MacBook-Air,macOS,2026-06-28T02:29:10Z,tc89core,1,14158,1920,,,,400000000
Davids-MacBook-Air,macOS,2026-06-28T02:29:10Z,tc89decl,1,36091,2560,,,,400000000
Davids-MacBook-Air,macOS,2026-06-28T02:29:10Z,tc89fadd,1,23715,4224,,,,400000000
Davids-MacBook-Air,macOS,2026-06-28T02:29:10Z,tc89fcmp,1,51459,6016,,,,400000000
Davids-MacBook-Air,macOS,2026-06-28T02:29:10Z,tc89fcnv,1,14103,2688,,,,400000000
Davids-MacBook-Air,macOS,2026-06-28T02:29:10Z,tc89fdiv,1,63923,4224,,,,400000000
Davids-MacBook-Air,macOS,2026-06-28T02:29:10Z,tc89ffio,1,162989,4736,,,,400000000
Davids-MacBook-Air,macOS,2026-06-28T02:29:10Z,tc89fini,1,45795,6400,,,,400000000
Davids-MacBook-Air,macOS,2026-06-28T02:29:10Z,tc89flng,1,58751,5760,,,,400000000
Davids-MacBook-Air,macOS,2026-06-28T02:29:10Z,tc89flt,0,9090,2048,,,,400000000
Davids-MacBook-Air,macOS,2026-06-28T02:29:10Z,tc89flta,1,33359,2944,,,,400000000
Davids-MacBook-Air,macOS,2026-06-28T02:29:10Z,tc89fltc,1,16847,2560,,,,400000000
Davids-MacBook-Air,macOS,2026-06-28T02:29:10Z,tc89fmat,1,165487,6272,,,,400000000
Davids-MacBook-Air,macOS,2026-06-28T02:29:10Z,tc89fmul,1,26171,4736,,,,400000000
Davids-MacBook-Air,macOS,2026-06-28T02:29:10Z,tc89fnty,1,35343,2432,,,,400000000
Davids-MacBook-Air,macOS,2026-06-28T02:29:10Z,tc89fp,1,24785,2432,,,,400000000
Davids-MacBook-Air,macOS,2026-06-28T02:29:10Z,tc89fptr,1,26781,2432,,,,400000000
Davids-MacBook-Air,macOS,2026-06-28T02:29:10Z,tc89fs,1,12611,2816,,,,400000000
Davids-MacBook-Air,macOS,2026-06-28T02:29:10Z,tc89ini2,1,18858,3840,,,,400000000
Davids-MacBook-Air,macOS,2026-06-28T02:29:10Z,tc89init,1,29628,3584,,,,400000000
Davids-MacBook-Air,macOS,2026-06-28T02:29:10Z,tc89pp,1,31002,2048,,,,400000000
Davids-MacBook-Air,macOS,2026-06-28T02:29:10Z,tc89ptr,1,42063,3968,,,,400000000
Davids-MacBook-Air,macOS,2026-06-28T02:29:10Z,tc89qual,1,25515,2304,,,,400000000
Davids-MacBook-Air,macOS,2026-06-28T02:29:10Z,tc89size,1,28669,2816,,,,400000000
Davids-MacBook-Air,macOS,2026-06-28T02:29:10Z,tc89swjt,1,32811,3840,,,,400000000
Davids-MacBook-Air,macOS,2026-06-28T02:29:10Z,tc89uac,1,24785,3200,,,,400000000
Davids-MacBook-Air,macOS,2026-06-28T02:29:10Z,tc99scpe,1,34376,4352,,,,400000000
Davids-MacBook-Air,macOS,2026-06-28T02:29:10Z,tchess,1066,426445581,17536,,,,400000000
Davids-MacBook-Air,macOS,2026-06-28T02:29:10Z,tcmp,8,3056714,9216,,,,400000000
Davids-MacBook-Air,macOS,2026-06-28T02:29:10Z,tcmt99,1,24068,3072,,,,400000000
Davids-MacBook-Air,macOS,2026-06-28T02:29:10Z,tcnstfld,1,27228,3200,,,,400000000
Davids-MacBook-Air,macOS,2026-06-28T02:29:10Z,tcodegen,1,16981,3840,,,,400000000
Davids-MacBook-Air,macOS,2026-06-28T02:29:10Z,tcrcfix,1,180328,7936,,,,400000000
Davids-MacBook-Air,macOS,2026-06-28T02:29:10Z,tctxflt,1,412665,17920,,,,400000000
Davids-MacBook-Air,macOS,2026-06-28T02:29:10Z,tctxops,1,135613,11392,,,,400000000
Davids-MacBook-Air,macOS,2026-06-28T02:29:10Z,tctype,1,19704,3968,,,,400000000
Davids-MacBook-Air,macOS,2026-06-28T02:29:10Z,tdecinit,1,20604,2432,,,,400000000
Davids-MacBook-Air,macOS,2026-06-28T02:29:10Z,tdecl,1,35870,3072,,,,400000000
Davids-MacBook-Air,macOS,2026-06-28T02:29:10Z,tdirent,2,482236,2816,,,,400000000
Davids-MacBook-Air,macOS,2026-06-28T02:29:10Z,tdowhile,1,52074,2432,,,,400000000
Davids-MacBook-Air,macOS,2026-06-28T02:29:10Z,tenum,1,23307,2432,,,,400000000
Davids-MacBook-Air,macOS,2026-06-28T02:29:10Z,terrno,2,331791,6400,,,,400000000
Davids-MacBook-Air,macOS,2026-06-28T02:29:10Z,tesc,1,82918,8832,,,,400000000
Davids-MacBook-Air,macOS,2026-06-28T02:29:10Z,texec,1,135268,4608,,,,400000000
Davids-MacBook-Air,macOS,2026-06-28T02:29:10Z,texfile,1,185992,3328,,,,400000000
Davids-MacBook-Air,macOS,2026-06-28T02:29:10Z,texlog,1,21381,3840,,,,400000000
Davids-MacBook-Air,macOS,2026-06-28T02:29:10Z,texscan,1,75014,5120,,,,400000000
Davids-MacBook-Air,macOS,2026-06-28T02:29:10Z,texsort,1,48833,2688,,,,400000000
Davids-MacBook-Air,macOS,2026-06-28T02:29:10Z,texstrct,1,52311,2688,,,,400000000
Davids-MacBook-Air,macOS,2026-06-28T02:29:10Z,tfarrsub,1,38434,4352,,,,400000000
Davids-MacBook-Air,macOS,2026-06-28T02:29:10Z,tfio,1,119625,4736,,,,400000000
Davids-MacBook-Air,macOS,2026-06-28T02:29:10Z,tfloat4,4,1505227,21248,,,,400000000
Davids-MacBook-Air,macOS,2026-06-28T02:29:10Z,tfo,0,76588,5376,,,,400000000
Davids-MacBook-Air,macOS,2026-06-28T02:29:10Z,tforblk,1,42532,5504,,,,400000000
Davids-MacBook-Air,macOS,2026-06-28T02:29:10Z,tforsco,1,45124,5504,,,,400000000
Davids-MacBook-Air,macOS,2026-06-28T02:29:10Z,tfpos,1,67814,5376,,,,400000000
Davids-MacBook-Air,macOS,2026-06-28T02:29:10Z,tfreopen,7,70404,5248,,,,400000000
Davids-MacBook-Air,macOS,2026-06-28T02:29:10Z,tgnarly,1,423630,5376,,,,400000000
Davids-MacBook-Air,macOS,2026-06-28T02:29:10Z,tgoto,1,34694,2944,,,,400000000
Davids-MacBook-Air,macOS,2026-06-28T02:29:10Z,tifcom,0,6890,1792,,,,400000000
Davids-MacBook-Air,macOS,2026-06-28T02:29:10Z,tinitreg,1,29455,4352,,,,400000000
Davids-MacBook-Air,macOS,2026-06-28T02:29:10Z,tioerr,1,206801,5888,,,,400000000
Davids-MacBook-Air,macOS,2026-06-28T02:29:10Z,tkandr,1,25121,2560,,,,400000000
Davids-MacBook-Air,macOS,2026-06-28T02:29:10Z,tkbd,102,20000096,2176,,,,400000000
Davids-MacBook-Air,macOS,2026-06-28T02:29:10Z,tlcont,1,146117,2560,,,,400000000
Davids-MacBook-Air,macOS,2026-06-28T02:29:10Z,tlimits,1,120138,2176,,,,400000000
Davids-MacBook-Air,macOS,2026-06-28T02:29:10Z,tlog,4,1548021,7680,,,,400000000
Davids-MacBook-Air,macOS,2026-06-28T02:29:10Z,tlong,3,990109,7552,,,,400000000
Davids-MacBook-Air,macOS,2026-06-28T02:29:10Z,tlongaud,1,48769,5376,,,,400000000
Davids-MacBook-Air,macOS,2026-06-28T02:29:10Z,tlongidx,1,107712,2944,,,,400000000
Davids-MacBook-Air,macOS,2026-06-28T02:29:10Z,tlongopt,1,194357,15360,,,,400000000
Davids-MacBook-Air,macOS,2026-06-28T02:29:10Z,tlongreg,1,71579,8960,,,,400000000
Davids-MacBook-Air,macOS,2026-06-28T02:29:10Z,tlongsub,1,50159,5760,,,,400000000
Davids-MacBook-Air,macOS,2026-06-28T02:29:10Z,tm,124,49638804,4224,,,,400000000
Davids-MacBook-Air,macOS,2026-06-28T02:29:10Z,tmalloch,1,26715,3456,,,,400000000
Davids-MacBook-Air,macOS,2026-06-28T02:29:10Z,tmathf,16,5957586,18048,,,,400000000
Davids-MacBook-Air,macOS,2026-06-28T02:29:10Z,tmod3216,1,23546,3200,,,,400000000
Davids-MacBook-Air,macOS,2026-06-28T02:29:10Z,tmuldiv,13,5310045,7168,,,,400000000
Davids-MacBook-Air,macOS,2026-06-28T02:29:10Z,tmulpow2,1,15993,2560,,,,400000000
Davids-MacBook-Air,macOS,2026-06-28T02:29:10Z,toffset,1,24820,2176,,,,400000000
Davids-MacBook-Air,macOS,2026-06-28T02:29:10Z,too,5,1640639,19840,,,,400000000
Davids-MacBook-Air,macOS,2026-06-28T02:29:10Z,tphi,4,1365183,5376,,,,400000000
Davids-MacBook-Air,macOS,2026-06-28T02:29:10Z,tpi,248,99188427,3584,,,,400000000
Davids-MacBook-Air,macOS,2026-06-28T02:29:10Z,tportio,1,33235,1920,,,,400000000
Davids-MacBook-Air,macOS,2026-06-28T02:29:10Z,tpostfld,1,14226,2432,,,,400000000
Davids-MacBook-Air,macOS,2026-06-28T02:29:10Z,tpostidx,1,16129,1920,,,,400000000
Davids-MacBook-Air,macOS,2026-06-28T02:29:10Z,tpostinc,1,188327,2944,,,,400000000
Davids-MacBook-Air,macOS,2026-06-28T02:29:10Z,tpostut,1,17464,2304,,,,400000000
Davids-MacBook-Air,macOS,2026-06-28T02:29:10Z,tppifcom,0,6890,1792,,,,400000000
Davids-MacBook-Air,macOS,2026-06-28T02:29:10Z,tppreg,1,18052,2176,,,,400000000
Davids-MacBook-Air,macOS,2026-06-28T02:29:10Z,tpreproc,1,303724,2688,,,,400000000
Davids-MacBook-Air,macOS,2026-06-28T02:29:10Z,tprintf,1,308043,5760,,,,400000000
Davids-MacBook-Air,macOS,2026-06-28T02:29:10Z,tpromo,1,158657,11520,,,,400000000
Davids-MacBook-Air,macOS,2026-06-28T02:29:10Z,tpromo2,2,773869,5376,,,,400000000
Davids-MacBook-Air,macOS,2026-06-28T02:29:10Z,tpromo32,1,60935,6272,,,,400000000
Davids-MacBook-Air,macOS,2026-06-28T02:29:10Z,tptrcnd,4,1782649,12288,,,,400000000
Davids-MacBook-Air,macOS,2026-06-28T02:29:10Z,tptrdiff,1,24129,2176,,,,400000000
Davids-MacBook-Air,macOS,2026-06-28T02:29:10Z,tptrlhs,3,752293,19968,,,,400000000
Davids-MacBook-Air,macOS,2026-06-28T02:29:10Z,tptrrhs,4,1920859,34944,,,,400000000
Davids-MacBook-Air,macOS,2026-06-28T02:29:10Z,tqsort,100,40285892,6272,,,,400000000
Davids-MacBook-Air,macOS,2026-06-28T02:29:10Z,treg,1,37626,4608,,,,400000000
Davids-MacBook-Air,macOS,2026-06-28T02:29:10Z,tret,4,1204722,4736,,,,400000000
Davids-MacBook-Air,macOS,2026-06-28T02:29:10Z,triangle,1,53204,2560,,,,400000000
Davids-MacBook-Air,macOS,2026-06-28T02:29:10Z,trig,52,21077780,13696,,,,400000000
Davids-MacBook-Air,macOS,2026-06-28T02:29:10Z,trtl2,1,48150,6400,,,,400000000
Davids-MacBook-Air,macOS,2026-06-28T02:29:10Z,trw,1053,421050668,7040,,,,400000000
Davids-MacBook-Air,macOS,2026-06-28T02:29:10Z,trw2,9121,3647974785,7168,,,,400000000
Davids-MacBook-Air,macOS,2026-06-28T02:29:10Z,trwold,694,277537692,6144,,,,400000000
Davids-MacBook-Air,macOS,2026-06-28T02:29:10Z,ts,2,753699,5760,,,,400000000
Davids-MacBook-Air,macOS,2026-06-28T02:29:10Z,ts32,1,46720,5888,,,,400000000
Davids-MacBook-Air,macOS,2026-06-28T02:29:10Z,tscanf,4,230854,8960,,,,400000000
Davids-MacBook-Air,macOS,2026-06-28T02:29:10Z,tsetjmp,1,24148,2176,,,,400000000
Davids-MacBook-Air,macOS,2026-06-28T02:29:10Z,tsprintf,1,170050,3584,,,,400000000
Davids-MacBook-Air,macOS,2026-06-28T02:29:10Z,tstackov,1,51498,2176,,,,400000000
Davids-MacBook-Air,macOS,2026-06-28T02:29:10Z,tstdc,1,81543,1920,,,,400000000
Davids-MacBook-Air,macOS,2026-06-28T02:29:10Z,tstdlib,1,112289,7040,,,,400000000
Davids-MacBook-Air,macOS,2026-06-28T02:29:10Z,tstfield,1,29058,3072,,,,400000000
Davids-MacBook-Air,macOS,2026-06-28T02:29:10Z,tstr,2336,934020829,9216,,,,400000000
Davids-MacBook-Air,macOS,2026-06-28T02:29:10Z,tstr2,1,200730,3328,,,,400000000
Davids-MacBook-Air,macOS,2026-06-28T02:29:10Z,tstr3,1,39303,4352,,,,400000000
Davids-MacBook-Air,macOS,2026-06-28T02:29:10Z,tstrconv,1,595475,13056,,,,400000000
Davids-MacBook-Air,macOS,2026-06-28T02:29:10Z,tstretst,1,452550,3968,,,,400000000
Davids-MacBook-Air,macOS,2026-06-28T02:29:10Z,tstri2,1,192048,2944,,,,400000000
Davids-MacBook-Air,macOS,2026-06-28T02:29:10Z,tstrify,1,180968,2432,,,,400000000
Davids-MacBook-Air,macOS,2026-06-28T02:29:10Z,tstring,936,374480205,6656,,,,400000000
Davids-MacBook-Air,macOS,2026-06-28T02:29:10Z,tstruct,1,124090,2560,,,,400000000
Davids-MacBook-Air,macOS,2026-06-28T02:29:10Z,tstructi,1,242359,3328,,,,400000000
Davids-MacBook-Air,macOS,2026-06-28T02:29:10Z,tstructp,1,89742,3072,,,,400000000
Davids-MacBook-Air,macOS,2026-06-28T02:29:10Z,tstructv,1,452371,5760,,,,400000000
Davids-MacBook-Air,macOS,2026-06-28T02:29:10Z,tsvbuf2,3,1125160,6912,,,,400000000
Davids-MacBook-Air,macOS,2026-06-28T02:29:10Z,tswitch,1,30560,2176,,,,400000000
Davids-MacBook-Air,macOS,2026-06-28T02:29:10Z,tsyntax,1,56777,4480,,,,400000000
Davids-MacBook-Air,macOS,2026-06-28T02:29:10Z,ttmp,2,57682,5376,,,,400000000
Davids-MacBook-Air,macOS,2026-06-28T02:29:10Z,ttrig,141,56314491,16000,,,,400000000
Davids-MacBook-Air,macOS,2026-06-28T02:29:10Z,ttt,135,54167286,3456,,,,400000000
Davids-MacBook-Air,macOS,2026-06-28T02:29:10Z,ttype2,1,21391,3328,,,,400000000
Davids-MacBook-Air,macOS,2026-06-28T02:29:10Z,ttype32,1,21893,3200,,,,400000000
Davids-MacBook-Air,macOS,2026-06-28T02:29:10Z,ttypesr,1,22371,3584,,,,400000000
Davids-MacBook-Air,macOS,2026-06-28T02:29:10Z,tunary,1,613271,5376,,,,400000000
Davids-MacBook-Air,macOS,2026-06-28T02:29:10Z,tunary32,1,27143,3712,,,,400000000
Davids-MacBook-Air,macOS,2026-06-28T02:29:10Z,tunaryp,3,1074245,5120,,,,400000000
Davids-MacBook-Air,macOS,2026-06-28T02:29:10Z,tungetc,1,42051,5120,,,,400000000
Davids-MacBook-Air,macOS,2026-06-28T02:29:10Z,tunion,1,23327,2048,,,,400000000
Davids-MacBook-Air,macOS,2026-06-28T02:29:10Z,tunion2,1,264722,3712,,,,400000000
Davids-MacBook-Air,macOS,2026-06-28T02:29:10Z,tvariad,1,28962,2944,,,,400000000
Davids-MacBook-Air,macOS,2026-06-28T02:29:10Z,tzpad,1,355920,6528,,,,400000000
Davids-MacBook-Air,macOS,2026-06-28T02:29:10Z,wumpus,1,271139,11904,,,,400000000
